Symbol,CIK
aacg,1420529
aaci,1844817
aaciw,1844817
aadi,1422142
aal,6201
aame,8177
aaoi,1158114
aaon,824142
aapl,320193
abcb,351569
abcl,1703057
abcm,1492074
abeo,318306
abio,907654
abnb,1559720
abos,1576885
absi,1672688
abus,1447028
abvc,1173313
acab,1893219
acabw,1893219
acac,1914023
acacu,1914023
acacw,1914023
acad,1070494
acax,1897245
acaxr,1897245
acaxu,1897245
acaxw,1897245
acb,1683541
acba,1844389
acbau,1844389
accd,1481646
acer,1069308
acet,1720580
acgl,947484
acgln,947484
acglo,947484
achc,1520697
achl,1830749
achv,949858
aciu,1651625
aciw,935036
acls,1113232
aclx,1786205
acmr,1680062
acnb,715579
acnt,95953
acon,1635077
aconw,1635077
acor,1008848
acrs,1557746
acrx,1427925
acst,1444192
act,1823529
actg,934549
acva,1637873
acxp,1736243
adag,1818838
adap,1621227
adbe,796343
ader,1822912
aderu,1822912
aderw,1822912
ades,1515156
adi,6281
adil,1513525
adma,1368514
adn,1744494
adnww,1744494
adoc,1824884
adp,8670
adpt,1478320
adse,1879248
adsew,1879248
adsk,769397
adth,1838672
adtn,926282
adtx,1726711
adus,1468328
adv,1776661
advm,1501756
advww,1776661
adxn,1574232
aeaew,1852016
aehl,1470683
aehr,1040470
aei,1750106
aeis,927003
aemd,882291
aep,4904
aey,874292
aeye,1362190
aezs,1113423
afar,1901886
afbi,1823406
afcg,1822523
afib,1522860
afmd,1608390
afri,1903870
afrm,1820953
afya,1771007
agba,1769624
agbaw,1769624
agen,1098972
agfy,1800637
agil,1790625
agilw,1790625
agio,1439222
agle,1636282
agmh,1705402
agnc,1423689
agncl,1423689
agncm,1423689
agncn,1423689
agnco,1423689
agncp,1423689
agri,1826397
agriw,1826397
agrx,1261249
agys,78749
ahco,1725255
ahg,1702318
ahi,1815436
aih,1757143
aihs,1711012
aimbu,1903464
aimd,1014763
aimdw,1014763
aip,1667011
airg,1272842
airs,1870940
airt,353184
akam,1086222
akan,1888014
akba,1517022
akli,1850266
akro,1744659
akts,1584754
aktx,1541157
aku,1776197
akya,1711933
alco,3545
aldx,1341235
alec,1653087
algm,866291
algn,1097149
algs,1799448
algt,1362468
alhc,1832466
alim,1267602
alks,1520262
alkt,1529274
allk,1564824
allo,1737287
allr,1860657
allt,1365767
alny,1178670
alor,1883962
alot,8146
alpn,1626199
alpp,1606698
alrm,1459200
alrn,1420565
alrs,903419
alsa,1865111
alsaw,1865111
alt,1326190
alto,778164
altr,1701732
altu,1822366
altuw,1822366
alvo,1898416
alvr,1754068
alxo,1810182
alya,1734520
alzn,1677077
amal,1823608
amam,1836056
amao,1843656
amaow,1843656
amat,6951
amba,1280263
amcx,1514991
amd,2488
amed,896262
ameh,1083446
amgn,318154
amkr,1047127
amlx,1658551
amnb,741516
ampg,1518461
amph,1297184
ampl,1866692
amrk,1591588
amrn,897448
amsc,880807
amsf,1018979
amst,1807166
amswa,713425
amti,1801777
amtx,738214
amwd,794619
amzn,1018724
anab,1370053
ande,821026
aneb,1815974
angh,1871983
anghw,1871983
angi,1705110
ango,1275187
anik,898437
anip,1023024
anix,715446
annx,1528115
anss,1013462
ante,1413745
antx,1880438
any,1591956
anzu,1840877
anzuu,1840877
anzuw,1840877
aogo,1881741
aogou,1881741
aogow,1881741
aosl,1387467
aout,1808997
apa,1841666
apac,1844981
apacw,1844981
apcx,1070050
apcxw,1070050
apdn,744452
apei,1201792
api,1802883
apld,1144879
apls,1492422
aplt,1697532
apm,1734005
apog,6845
app,1751008
appf,1433195
appn,1441683
apps,317788
apre,1781983
aptm,1845550
aptmu,1845550
aptmw,1845550
apto,882361
apvo,1671584
apwc,1026980
apxi,1868573
apxiw,1868573
apyx,719135
aqb,1603978
aqms,1621832
aqst,1398733
aqu,1861063
arav,1513818
aray,1138723
arbe,1861841
arbew,1861841
arbk,1841675
arbkl,1841675
arcb,894405
arcc,1287750
arce,1740594
arct,1768224
ardx,1437402
areb,1648087
arebw,1648087
arec,1590715
argx,1697862
arhs,1875444
ariz,1882078
arizr,1882078
arko,1823794
arkow,1823794
arkr,779544
arlp,1086600
arow,717538
arqq,1859690
arqqw,1859690
arqt,1787306
arrw,1835972
arrwu,1835972
arrww,1835972
arry,1820721
arte,1839990
artl,1621221
artlw,1621221
artna,863110
artw,7623
arvl,1835059
arvn,1655759
arwr,879407
aryd,1838821
asca,1868775
ascaw,1868775
ascb,1876716
ascbw,1876716
asle,1754170
asln,1722926
asmb,1426800
asml,937966
asnd,1612042
asns,1141284
aso,1817358
aspa,1854583
aspaw,1854583
aspi,1921865
asps,1462418
asrt,1808665
asrv,707605
asst,1920406
astc,1001907
aste,792987
asti,1350102
astl,1860805
astlw,1860805
astr,1814329
asts,1780312
astsw,1780312
asur,884144
asys,720500
atai,1840904
atak,1883788
atakw,1883788
atat,1853717
atcol,1794846
atec,1350653
ater,1757715
atex,1304492
atha,1620463
athe,1131343
athx,1368148
atif,1755058
atlc,1464343
atlcl,1464343
atlcp,1464343
atlo,1132651
atnf,1690080
atnfw,1690080
atni,879585
atom,1420520
atos,1488039
atra,1604464
atrc,1323885
atri,701288
atro,8063
atsg,894081
atvi,718877
atxg,1650101
atxi,1644963
atxs,1454789
aubn,750574
audc,1086434
augx,1769804
auid,1534154
auph,1600620
aur,1828108
aura,1501796
aurow,1828108
autl,1730463
auud,1554818
auudw,1554818
auvi,1811109
auvip,1811109
avah,1832332
avav,1368622
avdl,1012477
avdx,1858257
avgo,1730168
avgr,1506928
avhi,1844507
avid,896841
avir,1593899
avnw,1377789
avo,1802974
avpt,1777921
avptw,1777921
avro,1681087
avt,8858
avte,1798749
avtx,1534120
avxl,1314052
awh,926617
awre,1015739
axdx,727207
axgn,805928
axla,1633070
axnx,1603756
axon,1069183
axsm,1579428
axti,1051627
ay,1601072
ayro,1086745
aytu,1385818
az,1866030
azn,901832
azpn,1897982
azta,933974
back,1729944
baer,1941536
bafn,1649739
band,1514416
banf,760498
banfp,760498
banl,1914805
banr,946673
banx,1578987
baos,1811216
base,1845022
batra,1560385
batrk,1560385
bbcp,1703956
bbgi,1099160
bbio,1743881
bblg,1419554
bblgw,1419554
bbsi,902791
bcab,1826892
bcan,1888151
bcbp,1228454
bcda,925741
bcel,1532346
bcli,1137883
bcml,1730984
bcov,1313275
bcow,1847360
bcpc,9326
bcrx,882796
bcsa,1873441
bcsau,1873441
bcsaw,1873441
bctx,1610820
bctxw,1610820
bcyc,1761612
bdsx,1439725
bdtx,1701541
beam,1745999
beat,1779372
beatw,1779372
becn,1124941
beem,1398805
beemw,1398805
belfa,729580
belfb,729580
bfc,1746109
bfi,1723580
bfiiw,1723580
bfin,1303942
bfri,1858685
bfst,1624322
bgfv,1156388
bglc,1737523
bgne,1651308
bgxx,1886799
bhac,1851612
bhacw,1851612
bhat,1759136
bhf,1685040
bhfal,1685040
bhfam,1685040
bhfan,1685040
bhfao,1685040
bhfap,1685040
biaf,1712762
bidu,1329099
bigc,1626450
biib,875045
bili,1723690
bimi,1213660
bioc,1044378
biol,811240
bior,1580063
bios,1856653
biosw,1856653
biox,1769484
bird,1653909
bitf,1812477
bivi,1580149
bjdx,1704287
bjri,1013488
bkcc,1326003
bkng,1075531
bkr,1701605
bksc,1007273
bkyi,1019034
bl,1666134
blac,1840425
blbd,1589526
blbx,1567900
blde,1779128
bldew,1779128
bldp,1453015
bleu,1843370
bleur,1843370
bleuw,1843370
blfs,834365
blfy,1846017
blin,1378590
blkb,1280058
blmn,1546417
blnk,1429764
blph,1600132
blrx,1498403
blte,1889109
blue,1293971
blze,1462056
bmbl,1830043
bmea,1840439
bmr,1899005
bmra,73290
bmrc,1403475
bmrn,1048477
bngo,1411690
bnix,1845942
bnixw,1845942
bnox,1191070
bnr,1792267
bnrg,1901215
bntc,1808898
bntx,1776985
bocn,1856961
bokf,875357
bolt,1641281
bon,1816815
boom,34067
bosc,1005516
botj,1275101
boxl,1624512
bpmc,1597264
bpop,763901
bpopm,763901
bprn,1913971
bpth,1133818
bpts,1768946
bpypm,1545772
bpypn,1545772
bpypo,1545772
bpypp,1545772
brag,1867834
brez,1817640
brezr,1817640
brezw,1817640
brfh,1487197
brid,14177
brkh,1871638
brkl,1049782
brkr,1109354
brli,1787518
brliw,1787518
brlt,1866757
brog,1774983
brogw,1774983
brp,1781755
brqs,1650575
brsh,1913210
brshw,1913210
brtx,1505497
bry,1705873
brze,1676238
bsbk,1787414
bset,10329
bsfc,1730773
bsgm,1530766
bsqr,1054721
bsrr,1130144
bsvn,1746129
bsy,1031308
btai,1720893
btbd,1718224
btbt,1710350
btcs,1436229
btcy,1630113
btmd,1819253
btog,1735556
bttx,1832415
btwn,1815086
btwnu,1815086
btwnw,1815086
buse,314489
bvfl,1302387
bvs,1665988
bwaq,1878074
bwaqr,1878074
bway,1505065
bwb,1341317
bwbbp,1341317
bwen,1120370
bwfg,1505732
bwmn,1847590
bwmx,1788257
bwv,1782107
bxrx,1780097
byfc,1001171
bynd,1655210
byno,1801417
bynou,1801417
bynow,1801417
byrn,1354866
bysi,1677940
byts,1842566
bz,1842827
bzfd,1828972
bzfdw,1828972
bzun,1625414
caas,1157762
caba,1759138
cac,750686
cacc,885550
cadl,1841387
cake,887596
calb,1752036
calm,16160
calt,1795579
camp,730255
camt,1109138
can,1780652
capr,1133869
car,723612
cara,1346830
care,1829576
carg,1494259
carv,1016178
casa,1333835
cash,907471
casi,895051
cass,708781
casy,726958
catc,711772
caty,861842
cban,711669
cbat,1117171
cbay,1042074
cbfv,1605301
cbio,1124105
cbnk,1419536
cbrl,1067294
cbsh,22356
ccap,1633336
ccb,1437958
ccbg,726601
cccc,1662579
cccs,1818201
ccd,1602584
ccep,1650107
cclp,1449488
ccne,736772
ccnep,736772
ccoi,1158324
ccrn,1141103
ccsi,1866633
ccts,1865861
cctsu,1865861
cd,1807192
cdaq,1851909
cdaqu,1851909
cdaqw,1851909
cdlx,1666071
cdmo,704562
cdna,1217234
cdns,813672
cdro,1866782
cdrow,1866782
cdtx,1610618
cdw,1402057
cdxc,1386570
cdxs,1200375
cdzi,727273
cead,1482541
ceadw,1482541
ceg,1868275
celc,1603454
celh,1341766
celu,1752828
celuw,1752828
celz,1187953
cenn,1707919
cent,887733
centa,887733
cenx,949157
cere,1805387
cers,1020214
cert,1827090
cetx,1435064
cetxp,1435064
cety,1329606
ceva,1173489
cfb,1458412
cfbk,1070680
cffe,1839530
cffew,1839530
cffi,913341
cffn,1490906
cffs,1839519
cffsw,1839519
cfiv,1825249
cfivw,1825249
cflt,1699838
cfrx,1478069
cfsb,1879103
cg,1527166
cgabl,1527166
cgbd,1544206
cgc,1737927
cgem,1789972
cgen,1119774
cgnt,1824814
cgnx,851205
cgo,1285650
cgrn,1009759
cgtx,1455365
chci,1299969
chco,726854
chdn,20212
chea,1856948
cheaw,1856948
chef,1517175
chek,1610590
chi,1171471
chk,895126
chkel,895126
chkew,895126
chkp,1015922
chmg,763563
chnr,793628
chrd,1486159
chrs,1512762
chrw,1043277
chscl,823277
chscm,823277
chscn,823277
chsco,823277
chscp,823277
chsn,1825349
chtr,1091667
chuy,1524931
chw,1396277
chx,1723089
chy,1222719
cifr,1819989
cifrw,1819989
cigi,913353
cinf,20286
cing,1862150
ciso,1777319
cite,1848437
citew,1848437
civb,944745
cizn,1075706
cjjd,1856084
ckpt,1651407
clar,913277
clay,1855467
clbk,1723596
clbt,1854587
clbtw,1854587
cldx,744218
cleu,1775085
clfd,796505
clgn,1631487
clin,1883984
clinr,1883984
clinw,1883984
clir,1434524
clls,1627281
clmt,1340122
clne,1368265
clnn,1822791
clnnw,1822791
cloe,1849058
cloer,1849058
clov,1801170
clps,1724542
clpt,1285550
clrb,1279704
clrc,1903392
clro,840715
clsd,1539029
clsk,827876
clst,1849867
clvr,1819615
clvrw,1819615
clwt,1026662
cmax,1813914
cmbm,1738177
cmca,1865248
cmcau,1865248
cmco,1005229
cmcsa,1166691
cmct,908311
cme,1156375
cmls,1058623
cmmb,1534248
cmpo,1823144
cmpow,1823144
cmpr,1262976
cmps,1816590
cmpx,1738021
cmra,1907685
cmraw,1907685
cmrx,1117480
cmtl,23197
cndt,1677703
cnet,1376321
cney,1780785
cnfr,1502292
cnfrl,1502292
cnglw,1867443
cnob,712771
cnobp,712771
cnsl,1304421
cnsp,1729427
cnta,1847903
cntb,1835268
cntg,1757097
cntx,1842952
cnty,911147
cnxa,1674440
cnxc,1803599
cnxn,1050377
coco,1482981
cocp,1412486
coda,1334325
codx,1692415
coep,1819663
cofs,803164
cogt,1622229
cohu,21535
coin,1679788
coke,317540
colb,887343
coll,1267565
colm,1050797
comm,1517228
coms,1178727
comsw,1178727
conn,1223389
conx,1823000
conxu,1823000
conxw,1823000
coolw,1829953
coop,933136
cort,1088856
cosm,1474167
cost,909832
cphc,1672909
cpix,1087294
cplp,1392326
cpop,1807389
cprt,900075
cprx,1369568
cpsh,814676
cpsi,1169445
cpss,889609
cptn,1498233
cptnw,1498233
cpz,1717457
crai,1053706
crbp,1595097
crbu,1619856
crct,1828962
crdf,1213037
crdl,1702123
crdo,1807794
creg,721693
cresw,1034957
cresy,1034957
crex,1356093
crexw,1356093
crge,1277250
cris,1108205
crkn,1761696
crmd,1410098
crmt,799850
crnc,1768267
crnt,1119769
crnx,1658247
cron,1656472
crox,1334036
crsp,1674416
crsr,1743759
crto,1576427
crus,772406
crvl,874866
crvs,1626971
crwd,1535527
crws,25895
csbr,771856
csco,858877
csgp,1057352
csgs,1005757
csiq,1375877
cslm,1875493
cspi,356037
csq,1275214
csse,1679063
cssel,1679063
cssen,1679063
cssep,1679063
cste,1504379
cstl,1447362
cstr,1676479
cswc,17313
cswi,1624794
csx,277948
ctas,723254
ctbi,350852
ctg,23111
cthr,1015155
ctib,1042187
ctkb,1831915
ctlp,896429
ctmx,1501989
ctrm,1720161
ctrn,1318484
ctsh,1058290
ctso,1175151
ctxr,1506251
cuba,880406
cue,1645460
cuen,1424657
cuenw,1424657
cull,1845799
curi,1776909
cutr,1162461
cvac,1809122
cvbf,354647
cvco,278166
cvcy,1127371
cvgi,1290900
cvgw,1133470
cvlg,928658
cvlt,1169561
cvly,806279
cvrx,1235912
cvv,766792
cwbc,1051343
cwbr,1522602
cwco,928340
cwst,911177
cxdo,1075736
cyan,768408
cybr,1598110
cycc,1130166
cyccp,1130166
cycn,1755237
cyn,1874097
cyrx,1124524
cyt,1662244
cyth,922247
cytk,1061983
cyto,1601936
czfs,739421
cznc,810958
czr,1590895
czwi,1367859
dada,1793862
daio,351998
dakt,915779
daln,1413898
dare,1401914
dats,1648960
datsw,1648960
dave,1841408
davew,1841408
dawn,1845337
dbgi,1668010
dbgiw,1668010
dbtx,1656536
dbvt,1613780
dbx,1467623
dcbo,1829959
dcfc,1862490
dcfcw,1862490
dcgo,1822359
dcom,846617
dcomp,846617
dcph,1654151
dcth,872912
ddi,1799567
ddog,1561550
deca,1913577
decaw,1913577
denn,852772
derm,1867066
dghi,1854368
dgica,800457
dgicb,800457
dgii,854775
dgly,1342958
dh,1861795
dhacw,1864531
dhc,1075415
dhcaw,1838163
dhcni,1075415
dhcnl,1075415
dhil,909108
dibs,1600641
diod,29002
disa,1838831
disau,1838831
disaw,1838831
dish,1001082
djco,783412
dkdca,1849380
dkng,1883685
dlhc,785557
dlo,1846832
dlpn,1282224
dlth,1649744
dltr,935703
dmac,1401040
dmaq,1857086
dmaqr,1857086
dmlp,1172358
dmrc,1438231
dmtk,1651944
dnli,1714899
dnut,1857154
docu,1261333
dogz,1707303
domo,1505952
dooo,1748797
dorm,868780
dox,1062579
doyu,1762417
dpcs,1857803
dpcsw,1857803
dpro,1786286
drct,1880613
drctw,1880613
drio,1533998
drma,1853816
drrx,1082038
drs,1833756
drts,1871321
drtsw,1871321
drtt,1340476
drug,1827401
drvn,1804745
dsgn,1807120
dsgr,703604
dsgx,1050140
dske,1642453
dsp,1828791
dswl,946936
dtil,1357874
dtoc,1839998
dtocu,1839998
dtocw,1839998
dtss,1631282
dtst,1419951
duet,1890671
dune,1817232
dunew,1817232
duo,1750593
duol,1562088
duot,1396536
dvax,1029142
dwac,1849635
dwacu,1849635
dwacw,1849635
dwsn,799165
dxcm,1093557
dxlg,813298
dxpe,1020710
dxr,27367
dxyn,29332
dyai,1213809
dyn,1818794
dynt,720875
dzsi,1101680
ea,712515
eacpw,1832765
ear,1719395
east,1534708
ebay,1065088
ebc,1810546
ebet,1829966
ebix,814549
ebmt,1478454
ebon,1799290
ebtc,1018399
ecbk,1914605
ecor,1560258
ecpg,1084961
edap,1041934
edbl,1809750
edblw,1809750
edit,1650664
edry,1731388
edsa,1540159
edtk,1782309
educ,31667
eeft,1029199
eeiq,1781397
efht,1922858
efoi,924168
efsc,1025835
efscp,1025835
eftr,1828522
egan,1066194
egbn,1050441
eght,1023731
egio,1391127
eglx,1854233
egrx,827871
eh,1759783
ehth,1333493
eigr,1305253
ejh,1769768
ekso,1549084
elbm,1907184
eldn,1404281
elev,1783032
elox,1035354
else,351789
eltk,1024672
elym,1768446
elys,1080319
em,1834253
embc,1872789
emcg,1869601
emkr,808326
eml,31107
emld,1889123
emldw,1889123
encp,1879373
encpw,1879373
ener,1855555
enerr,1855555
enerw,1855555
eng,933738
enlv,1596812
enph,1463101
ensc,1716947
ensg,1125376
enta,1177648
entg,1101302
entx,1638097
envb,890821
envx,1828318
eols,1570562
eose,1805077
eosew,1805077
epix,1633932
epow,1780731
epsn,1726126
eq,1746466
eqix,1101239
eqrx,1843762
eras,1761918
eric,717826
erie,922621
erii,1421517
esac,1865506
esacu,1865506
esacw,1865506
esca,33488
esea,1341170
esgr,1363829
esgro,1363829
esgrp,1363829
eslt,1027664
esoa,1357971
espr,1434868
esq,1531031
essa,1382230
esta,1688757
etnb,1785173
eton,1710340
etsy,1370637
evax,1828253
evbg,1437352
evcm,1853145
ever,1640428
evgn,1574565
evgo,1821159
evgow,1821159
evgr,1900402
evlo,1694665
evlv,1805385
evlvw,1805385
evo,1412558
evok,1403708
evrg,1711269
evtv,1563568
ewbc,1069157
ewcz,1856236
ewtx,1710072
exai,1865408
exas,1124140
exc,1109357
exel,939767
exfy,1476840
exls,1297989
expd,746515
expe,1324424
expi,1495932
expo,851520
extr,1078271
eye,1710155
eyen,1682639
eypt,1314102
ezfl,1817004
ezgo,1806904
ezpw,876523
fa,1210677
fami,1701261
fang,1539838
fanh,1413855
farm,34563
faro,917491
fast,815556
fat,1705012
fatbb,1705012
fatbp,1705012
fatbw,1705012
fate,1434316
fatp,1865045
fatpw,1865045
faze,1839360
fazew,1839360
fbio,1429260
fbiop,1429260
fbiz,1521951
fbms,947559
fbnc,811589
fbrx,1419041
fcap,1070296
fcbc,859070
fcco,932781
fcel,886128
fcfs,840489
fcnca,798941
fcnco,798941
fcncp,798941
fcuv,1590418
fdbc,1098151
fdmt,1650648
fdus,1513363
feam,1888654
feim,39020
fele,38725
femy,1339005
fenc,1211583
fexd,1852407
fexdr,1852407
fexdw,1852407
ffbc,708955
ffic,923139
ffie,1805521
ffiew,1805521
ffin,36029
ffiv,1048695
ffnw,1401564
fgbi,1408534
fgbip,1408534
fgen,921299
fgf,1591890
fgfpp,1591890
fgi,1864943
fgiww,1864943
fhb,36377
fhlt,1851182
fhtx,1822462
fiac,1854480
fiacw,1854480
fibk,860413
ficv,1855693
ficvw,1855693
finw,1856365
fip,1899883
fisi,862831
fitb,35527
fitbi,35527
fitbo,35527
fitbp,35527
five,1177609
fivn,1288847
fixx,1661998
fizz,69891
fkwl,722572
flex,866374
flfv,1912582
flfvr,1912582
flgc,1790169
flgt,1674930
flic,740663
fll,891482
flnc,1868941
flnt,1460329
flux,1083743
flws,1084869
flxs,37472
flyw,1580560
fmao,792966
fmbh,700565
fmnb,709337
fncb,1035976
fnch,1733257
fngr,1602409
fnko,1704711
fnlc,765207
fnvt,1857855
fnvtu,1857855
fnvtw,1857855
fnwb,1556727
fnwd,919864
fold,1178879
fonr,355019
fora,1829280
ford,38264
forl,1936255
form,1039399
forr,1023313
forty,1045986
fosl,883569
fosll,883569
fox,1754301
foxa,1754301
foxf,1424929
fpay,1397047
fraf,723646
frbn,1874495
free,1753706
freew,1753706
freq,1703647
frgi,1534992
frgt,1687542
frhc,924805
frla,1849294
frlaw,1849294
frln,1810031
frme,712534
frmep,712534
frog,1800667
frph,844059
frpt,1611647
frsh,1544522
frst,1325670
frsx,1691221
frtx,819050
frza,1901305
fsbc,1275168
fsbw,1530249
fsea,1769267
fsfg,1435508
fslr,1274494
fsrx,1834336
fsrxu,1834336
fsrxw,1834336
fstr,352825
fsv,1637810
ftai,1590364
ftain,1590364
ftaio,1590364
ftaip,1590364
ftci,1828161
ftdr,1727263
ftek,846913
ftft,1066923
fthm,1753162
ftii,1889450
ftiiw,1889450
ftnt,1262039
fulc,1680581
fult,700564
fultp,700564
func,763907
fund,825202
fusb,717806
fusn,1805890
futu,1754581
fuv,1558583
fvcb,1675644
fwbi,1604191
fwona,1560385
fwonk,1560385
fwrd,912728
fwrg,1789940
fxnc,719402
fybr,20520
gabc,714395
gaia,1089872
gain,1321741
gainn,1321741
gainz,1321741
galt,1133416
gamb,1839799
gamc,1841125
gamcu,1841125
game,1714562
gan,1799332
ganx,1819411
gass,1328919
gate,1838513
gbbk,1894951
gbbkr,1894951
gbbkw,1894951
gbdc,1476765
gbio,1733294
gbnh,1735948
gbny,1823365
gcbc,1070524
gcmg,1819796
gct,1857816
gctk,1506983
gden,1071255
gdev,1848739
gdnr,1858912
gdrx,1809519
gds,1526125
gdst,1858007
gdstw,1858007
gdyn,1743725
gecc,1675033
geccm,1675033
gecco,1675033
geg,1831096
geggl,1831096
gene,1166272
geos,1001115
gern,886744
gevo,1392380
gfai,1804469
gfaiw,1804469
gfgd,1876714
gfgdr,1876714
gfs,1709048
ggal,1114700
gge,1158420
ggr,1886190
ggrow,1886190
gh,1576280
ghix,1894630
ghixw,1894630
ghrs,1855129
ghsi,1642375
gia,1844505
gifi,1031623
gigm,1105101
giii,821002
gild,882095
gilt,897322
gipr,1651721
glad,1143513
glbe,1835963
glbs,1499780
glbz,890066
gldd,1372020
glg,1556266
glli,1888734
glmd,1595353
glng,1207179
glpg,1421876
glpi,1575965
glre,1385613
glsi,1799788
glst,1922331
glto,1800315
glue,1826457
glyc,1253689
gmab,1434265
gmbl,1451448
gmblp,1451448
gmblz,1451448
gmda,1600847
gmfi,1866547
gmfiu,1866547
gmfiw,1866547
gmgi,1437925
gnft,1757064
gnln,1743745
gnlx,1231457
gnpx,1595248
gnss,924383
gnta,1838716
gntx,355811
go,1771515
goco,1808220
goev,1750153
goevw,1750153
gogl,1029145
gogo,1537054
good,1234006
goodn,1234006
goog,1652044
googl,1652044
goss,1728117
govx,832489
govxw,832489
gp,1584547
gpac,1831979
gpacw,1831979
gpp,1635650
gpre,1309402
gpro,1500435
grab,1855612
grabw,1855612
grcl,1826492
gree,1844971
greel,1844971
grfs,1438569
grin,1725293
grnq,1597846
grom,1662574
gromw,1662574
grow,754811
grph,1815776
grpn,1490281
grrr,1903145
grrrw,1903145
grts,1656634
grtx,1563577
grvy,1313310
grwg,1604868
gsbc,854560
gshd,1726978
gsit,1126741
gsm,1639877
gsmg,1738758
gsmgw,1738758
gsun,1826376
gt,42582
gtac,1848821
gtacw,1848821
gtbp,109657
gtec,1735041
gth,1782594
gthx,1560241
gtim,825324
gtlb,1653482
gtx,1735707
gure,885462
gvp,944480
gwav,1589149
gwrs,1434728
gyro,1589061
ha,1172222
hafc,1109242
haia,1848861
haiaw,1848861
hain,910406
hall,819913
halo,1159036
harp,1708493
has,46080
hayn,858655
hban,49196
hbanm,49196
hbanp,49196
hbcp,1436425
hbio,1123494
hbnc,706129
hbt,775215
hcat,1636422
hcci,1403431
hcdi,1784567
hcdip,1784567
hckt,1057379
hcm,1648257
hcma,1845368
hcp,1720671
hcsg,731012
hcti,1839285
hcvi,1842937
hcviw,1842937
hcwb,1828673
hdsn,925528
hear,1493761
hees,1339605
hele,916789
hepa,1583771
heps,1850235
hfbl,1500375
hffg,1680873
hfwa,1046025
hgbl,849145
hhgc,1822886
hhgcr,1822886
hhgcw,1822886
hhs,45919
hibb,1017480
hiho,1026785
hils,1861657
himx,1342338
hiti,1847409
hive,1720424
hkit,1742341
hlit,851310
hlmn,1822492
hlne,1433642
hlp,1855557
hlth,1628945
hlvx,1888012
hmnf,921183
hmst,1518715
hnna,1145255
hnnaz,1145255
hnrg,788965
hnst,1530979
hnvr,1828588
hoft,1077688
hofv,1708176
hofvw,1708176
holi,1357450
holx,859737
hon,773840
hone,1769617
hood,1783879
hook,1760542
hope,1128361
hoth,1711786
hour,1874875
hovnp,357294
howl,1785530
hpco,1892480
hpk,1792849
hpkew,1792849
hplt,1863181
hpltw,1863181
hqi,1140102
hqy,1428336
hrmy,1802665
hrow,1360214
hrowl,1360214
hrtx,818033
hrzn,1487428
hscs,1468492
hscsw,1468492
hsdt,1610853
hsic,1000228
hsii,1066605
hson,1210708
hst,1070750
hstm,1095565
hsto,1383701
htbi,1538263
htbk,1053352
htcr,1892322
htht,1483994
htia,1561032
htibp,1561032
htld,799233
htlf,920112
htlfp,920112
htoo,1819794
htoow,1819794
htz,1657853
htzww,1657853
hubc,1905660
hubg,940942
huda,1853047
hudi,1791725
huge,1771885
huiz,1778982
huma,1818382
humaw,1818382
hurc,315374
hurn,1289848
hut,1731805
hwbk,893847
hwc,750577
hwcpz,750577
hwel,1845013
hwkn,46250
hyfm,1695295
hymc,1718405
hymcl,1718405
hymcw,1718405
hypr,1833769
hyw,1785680
hyzn,1716583
hyznw,1716583
hznp,1492426
iac,1800227
iart,917520
ias,1842718
ibcp,39311
ibex,1720420
ibkr,1381197
iboc,315709
ibrx,1326110
ibtx,1564618
icad,749660
iccc,811641
icch,1681903
iccm,1584371
icct,1408057
icfi,1362004
icg,1895597
ichr,1652535
iclk,1697818
iclr,1060955
icmb,1578348
icpt,1270073
icui,883984
icvx,1786255
idai,1718939
idcc,1405495
idex,837852
idn,1040896
idxx,874716
idya,1676725
iep,813762
iesc,1048268
ifbd,1815566
ifrx,1708688
igic,1794338
igicw,1794338
igms,1496323
igta,1866838
igtar,1866838
igtaw,1866838
ihrt,1400891
iii,1371489
iiiv,1728688
iinn,1837493
iinnw,1837493
ikna,1835579
ikt,1750149
ilag,1814963
ilmn,1110803
ilpt,1717307
imab,1778016
imacw,1729944
imaq,1846235
imaqw,1846235
imcc,1792030
imcr,1671927
imgn,855654
imkta,50493
immp,1506184
immr,1058811
immx,1873835
imnm,1472012
imos,1123134
impl,1445499
impp,1876581
imppp,1876581
imrn,1660046
imrx,1790340
imte,1668438
imtx,1809196
imtxw,1809196
imux,1280776
imvt,1764013
imxi,1683695
inab,1740279
inaq,1862463
inbk,1562463
inbkz,1562463
inbx,1739614
incr,1857030
incy,879169
indb,776901
indi,1841925
indiw,1841925
indp,1857044
infn,1138639
ingn,1294133
inkt,1840229
inm,1728328
inmb,1711754
inmd,1742692
innv,1834376
ino,1055726
inod,903651
inpx,1529113
inse,1615063
insg,1022652
insm,1104506
inta,1565687
intc,50863
inte,1850262
intg,69422
intr,1864163
ints,1567264
intu,896878
intz,736012
inva,1080014
inve,1036044
invo,1417926
invz,1835654
invzw,1835654
inzy,1693011
ioac,1854275
ioacw,1854275
iobt,1865494
ionm,1798270
ionr,1896084
ions,874015
iosp,1054905
iova,1425205
ipa,1715925
ipar,822663
ipdn,1546296
ipgp,1111928
ipha,1598599
ipsc,1850119
ipw,1830072
ipwr,1507957
ipx,1898601
iq,1722608
iraa,1831874
iraaw,1831874
irbt,1159167
irdm,1418819
iren,1878848
irix,1006045
irmd,1325618
iroq,1514743
irtc,1388658
irwd,1446847
ispc,1558569
ispo,1820566
ispow,1820566
isrg,1035267
isrl,1915328
issc,836690
istr,1602658
isun,1634447
itaqw,1841586
itci,1567514
iti,350868
itic,720858
itos,1808865
itri,780571
itrm,1659323
itrn,1337117
iva,1756594
ivac,1001902
ivca,1852889
ivcaw,1852889
ivcb,1857410
ivcp,1845123
ivcpu,1845123
ivda,1397183
ivdaw,1397183
ivvd,1832038
ixaq,1852019
ixaqu,1852019
ixaqw,1852019
ixhl,1873875
izea,1495231
izm,1854572
jack,807882
jagx,1585608
jakk,1009829
jamf,1721947
jan,862861
janx,1817713
jaqc,1817868
jaqcu,1817868
jazz,1232524
jbht,728535
jblu,1158463
jbss,880117
jcse,1905511
jctcf,885307
jd,1549802
jewl,1884072
jfbr,1885408
jfbrw,1885408
jfin,1743102
jfu,1619544
jg,1737339
jggc,1857518
jggcr,1857518
jggcw,1857518
jjsf,785956
jkhy,779152
jmsb,1710482
joan,1834585
jout,788329
jrsh,1696558
jrvr,1620459
jsm,1593538
jspr,1788028
jsprw,1788028
jupw,1760903
jupww,1760903
jva,1007019
jwel,1805594
jynt,1612630
jz,1852440
jzxn,1816172
kaclw,1865468
kala,1479419
kalu,811596
kalv,1348911
karo,1828102
kavl,1762239
kbnt,1729750
kc,1795589
kdp,1418135
ke,1606757
kelya,55135
kelyb,55135
kequ,55529
kern,1755953
kernw,1755953
kffb,1297341
kfrc,930420
khc,1637459
kids,1425450
kins,33992
kirk,1056285
kitt,1849820
kittw,1849820
klac,319201
klic,56978
kltr,1432133
klxe,1738827
kmda,1567529
kndi,1316517
knsa,1730430
knte,1797768
kod,1468748
kopn,771266
koss,56701
kplt,1785424
kpltw,1785424
kprx,1372514
kpti,1503802
krkr,1779476
krmd,704440
krnl,1832950
krnlw,1832950
krnt,1625791
krny,1617242
kron,1741830
kros,1664710
krt,1758021
krtx,1771917
krus,1772177
krys,1711279
kscp,1600983
ktcc,719733
ktos,1069258
ktra,1498382
ktta,1841330
kttaw,1841330
kura,1422143
kvhi,1007587
kvsa,1841873
kwe,1889823
kxin,1713539
kych,1865701
kychw,1865701
kymr,1815442
kzia,1075880
kzr,1645666
lab,1162194
labp,1785345
lake,798081
lamr,1090425
lanc,57515
land,1495240
landm,1495240
lando,1495240
lark,1141688
lasr,1124796
latg,1868269
laur,912766
lazr,1758057
lazy,1721741
lbai,846901
lbbb,1867287
lbbbr,1867287
lbbbu,1867287
lbbbw,1867287
lbc,1475348
lbph,1832168
lbrda,1611983
lbrdk,1611983
lbrdp,1611983
lbtya,1570585
lbtyb,1570585
lbtyk,1570585
lca,1844642
lcaa,1841024
lcaaw,1841024
lcahw,1844642
lcfy,1875547
lcid,1811210
lcnb,1074902
lcut,874396
le,799288
leco,59527
leds,1333822
lee,58361
legh,1436208
legn,1801198
lesl,1821806
lexx,1348362
lexxw,1348362
lfac,1851266
lfacw,1851266
lfly,1785592
lflyw,1785592
lfmd,948320
lfmdp,948320
lfst,1845257
lfus,889331
lfvn,849146
lghl,1806524
lghlw,1806524
lgih,1580670
lgmk,1566826
lgnd,886163
lgo,1400438
lgstu,1860871
lgstw,1860871
lgvc,1879297
lgvcw,1879297
lgvn,1721484
li,1791706
lian,1831283
liby,1880151
libyu,1880151
licn,1876766
lidr,1818644
lidrw,1818644
life,1339970
lila,1712184
lilak,1712184
lilm,1855756
lilmw,1855756
linc,1286613
lind,1512499
link,828146
lipo,1347242
liqt,1307579
lite,1633978
litm,1769697
livb,1875257
livbu,1875257
live,1045742
livn,1639691
lixt,1335105
lizi,1783407
lkco,1487839
lkfn,721994
lkq,1065696
lmat,1158895
lmb,1606163
lmdx,1685428
lmfa,1640384
lmnl,1351172
lmnr,1342423
lnkb,1756701
lnsr,1320350
lnt,352541
lnth,1521036
lnw,750004
loan,1080340
loco,1606366
logi,1032975
loop,1504678
lope,1434588
love,1701758
lpcn,1535955
lpla,1397911
lpro,1806201
lpsn,1102993
lpth,889971
lptx,1509745
lqda,1819576
lqdt,1235468
lrcx,707549
lrfc,1571329
lrmr,1374690
lsak,1041514
lsbk,1341318
lscc,855658
lsdi,1865127
lsea,1721386
lseaw,1721386
lsta,320017
lstr,853816
lsxma,1560385
lsxmb,1560385
lsxmk,1560385
ltbr,1084554
ltrn,1763950
ltrpa,1606745
ltrpb,1606745
ltrx,1114925
ltry,1673481
ltryw,1673481
lucd,1799011
lucy,1808377
lucyw,1808377
lulu,1397187
lumo,1126234
luna,1239819
lung,1127537
lvlu,1780201
lvo,1491419
lvox,1723648
lvoxw,1723648
lvtx,1840748
lway,814586
lwlg,1325964
lx,1708259
lxeh,1814067
lxrx,1062822
lyel,1806952
lyft,1759509
lyra,1327273
lyt,1816319
lyts,763532
lz,1286139
maca,1835416
macaw,1835416
mack,1274792
manh,1056696
maps,1779474
mapsw,1779474
maqc,1844419
maqcw,1844419
mar,1048286
mara,1507605
mark,1368365
marps,62362
masi,937556
mass,1555279
mat,63276
matw,63296
maxn,1796898
mays,54187
mbcn,836147
mbin,1629019
mbinn,1629019
mbino,1629019
mbinp,1629019
mbio,1680048
mbnkp,1000209
mbot,883975
mbrx,1659617
mbtc,1837344
mbuu,1590976
mbwm,1042729
mcaa,1856995
mcaaw,1856995
mcac,1895249
mcacr,1895249
mcacw,1895249
mcaf,1853774
mcag,1859035
mcbc,1053584
mcbs,1747068
mcft,1638290
mchp,827054
mchx,1224133
mcld,1756499
mcrb,1609809
mcri,907242
mcvt,1425355
mdb,1441816
mdgl,1157601
mdgs,1618500
mdia,1784254
mdjh,1741534
mdlz,1103982
mdna,1807983
mdrr,1654595
mdrrp,1654595
mdrx,1124804
mdvl,1402479
mdwd,1593984
mdwt,355379
mdxg,1376339
mdxh,1872529
me,1804591
medp,1668397
meds,1382574
megl,1881472
meip,1262104
meli,1099590
meoh,886977
merc,1333274
mesa,810332
meso,1345099
meta,1326801
metc,1687187
metcl,1687187
metx,1796514
metxw,1796514
mf,1851682
mfh,1527762
mfic,1278752
mfin,1000209
mgam,1886362
mgee,1161728
mgic,876779
mgni,1595974
mgnx,1125345
mgpi,835011
mgrc,752714
mgtx,1735438
mgyr,1337068
mhld,1412100
mhua,1835615
mics,923601
midd,769520
migi,1218683
mind,926423
mindp,926423
minm,1467761
mirm,1759425
miro,1527096
mist,1408443
mita,1847440
mitau,1847440
mitk,807863
mksi,1049502
mktw,1805651
mktx,1278021
mlab,724004
mlco,1381640
mlkn,66382
mltx,1821586
mmat,1431959
mmlp,1176334
mmsi,856982
mmv,1874074
mmyt,1495153
mndo,1119083
mndy,1845338
mnkd,899460
mnmd,1813814
mnov,1226616
mnpr,1645469
mnro,876427
mnsb,1693577
mnsbp,1693577
mnst,865752
mntk,1826600
mnts,1781162
mntsw,1781162
mntx,1302028
mob,1898643
mobbw,1898643
mobq,1084267
mobqw,1084267
mobv,1931691
mobvu,1931691
modd,1074871
modv,1220754
mofg,1412665
mogo,1602842
moln,1745114
momo,1610601
mond,1828852
mor,1340243
morf,1679363
morn,1289419
mots,1686850
move,1734750
moxc,1864055
mpaa,918251
mpb,879635
mpra,1853436
mpwr,1280452
mq,1522540
mrai,1844392
mram,1438423
mrbk,1750735
mrcc,1512931
mrcy,1049521
mreo,1719714
mrin,1389002
mrkr,1094038
mrm,1819704
mrna,1682852
mrns,1267813
mrsn,1442836
mrtn,799167
mrtx,1576263
mrus,1651311
mrvi,1823239
mrvl,1835632
msbi,1466026
msbip,1466026
msex,66004
msft,789019
msgm,1821175
mssa,1882464
mssar,1882464
mssau,1882464
mssaw,1882464
mstr,1050446
mtc,1742518
mtch,891103
mtek,1872964
mtekw,1872964
mtem,1183765
mtex,1056358
mtls,1091223
mtrx,866273
mtsi,1493594
mttr,1819394
mu,723125
muln,1499961
murf,1896212
murfw,1896212
mvbf,1277902
mvis,65770
mvst,1760689
mvstw,1760689
mxct,1287098
mxl,1288469
myfw,1327607
mygn,899923
mymd,1321834
myna,1850453
mynz,1874252
myps,1823878
mypsw,1823878
myrg,700923
mysz,1211805
na,1872302
naas,1712178
naii,787253
nams,1936258
naov,1326706
nari,1531048
nath,69733
nati,935494
natr,275053
naut,1808805
navi,1593538
nbix,914475
nbse,1173281
nbst,1831978
nbtb,790359
nbtx,1760854
ncac,1849475
ncacw,1849475
ncmi,1377630
ncna,1709626
ncno,1902733
ncpl,1414767
ncplw,1414767
ncra,1756180
ncsm,1692427
ncty,1296774
ndaq,1120193
ndls,1275158
ndra,1681682
ndsn,72331
necb,1847398
negg,1474627
neo,1077183
neog,711377
neon,87050
neov,1748137
neovw,1748137
neph,1196298
nept,1401395
nerv,1598646
newt,1587987
newtl,1587987
newtz,1587987
nexi,1538210
next,1612720
nfbk,1493225
nfe,1749723
nflx,1065280
ngm,1426332
ngms,1821349
nhtc,912061
nice,1003935
nick,1000045
nisn,1603993
niu,1744781
nkla,1731289
nksh,796534
nktr,906709
nktx,1787400
nlsp,1783036
nlspw,1783036
nltx,1404644
nmfc,1496099
nmih,1547903
nmrd,1602078
nmrk,1690680
nmtc,1500198
nn,1865631
nnavw,1865631
nnbr,918541
nndm,1643303
nnox,1795251
nodk,1681206
nogn,1841800
nognw,1841800
notv,720154
novt,1076930
novv,1858028
novvw,1858028
npce,1528287
nrac,1831964
nracw,1831964
nrbo,1638287
nrc,70487
nrds,1625278
nrim,1163370
nrix,1549595
nrsn,1875091
nrsnw,1875091
nrxp,1719406
nsit,932696
nspr,1433607
nssc,69633
nstg,1401708
nsts,1881592
nsys,722313
ntap,1002047
ntct,1078075
ntes,1110646
ntgr,1122904
ntic,875582
ntla,1652130
ntnx,1618732
ntra,1604821
ntrb,1676047
ntrbw,1676047
ntrs,73124
ntrso,73124
ntwk,1039280
nubi,1881551
nubiw,1881551
nuro,1289850
nutx,1479681
nuvl,1861560
nuwe,1506492
nuze,1527613
nvac,1859807
nvacr,1859807
nvax,1000694
nvcr,1645113
nvct,1875558
nvda,1045810
nvec,724910
nvee,1532961
nvei,1765159
nvfy,1473334
nviv,1292519
nvmi,1109345
nvno,1661053
nvos,1138978
nvts,1821769
nvve,1836875
nvvew,1836875
nvx,1859795
nwbi,1471265
nwe,73088
nwfl,1013272
nwl,814453
nwli,1635984
nwpx,1001385
nws,1564708
nwsa,1564708
nwtn,1932737
nxgl,1468929
nxglw,1468929
nxgn,708818
nxl,1527352
nxpi,1413447
nxpl,1058307
nxplw,1058307
nxst,1142417
nxtc,1661059
nxtp,1372183
nyax,1901279
nymt,1273685
nymtl,1273685
nymtm,1273685
nymtn,1273685
nymtz,1273685
nyxh,1857190
ob,1454938
oblg,746210
obt,1754226
ocax,1820175
ocaxw,1820175
occ,1000230
occi,1716951
occin,1716951
occio,1716951
ocea,1836612
ocfc,1004702
ocfcp,1004702
ocg,1776067
ocgn,1372299
ocsl,1414932
ocul,1393434
ocup,1228627
ocx,1642380
odfl,878927
odp,800240
oesx,1409375
ofix,884624
oflx,1317945
ofs,1487918
ofssh,1487918
ogi,1620737
ohaa,1870778
okta,1660134
okyo,1849296
olb,1314196
oled,1005284
olit,1866816
olitw,1866816
olk,1835539
olli,1639300
olma,1750284
olpx,1868726
om,1484612
omab,1378239
omcl,926326
omer,1285819
omex,798528
omga,1850838
omic,1850906
omqs,278165
on,1097864
onb,707179
onbpo,707179
onbpp,707179
onct,1260990
oncy,1129928
onds,1646188
onew,1772921
onfo,1825452
onfow,1825452
ontx,1130598
onvo,1497253
onyx,1849548
onyxw,1849548
op,1869467
opal,1842279
opbk,1722010
opch,1014739
open,1801169
opgn,1293818
ophc,1288855
opi,1456772
opinl,1456772
opk,944809
opof,740971
opra,1737450
oprt,1538716
oprx,1448431
opt,1815620
optn,1494650
opxs,1397016
orgn,1802457
orgnw,1802457
orgo,1661181
orgs,1460602
oric,1796280
orly,898173
ormp,1176309
orrf,826154
ortx,1748907
osa,1934064
osbc,357173
osis,1039065
ospn,1044777
oss,1394056
ost,1803407
ostk,1130713
osur,1116463
osw,1758488
otec,1846809
otex,1002638
otlk,1649989
otly,1843586
otmo,1842498
otrk,1136174
otrkp,1136174
ottr,1466593
ovbc,894671
ovid,1636651
ovly,1431567
oxbr,1584831
oxbrw,1584831
oxlc,1495222
oxlcl,1495222
oxlcm,1495222
oxlcn,1495222
oxlco,1495222
oxlcp,1495222
oxlcz,1495222
oxsq,1259429
oxsqg,1259429
oxsql,1259429
oxsqz,1259429
oxus,1852973
ozk,1569650
ozkap,1569650
paa,1070423
pacb,1299130
pacw,1102112
pacwp,1102112
pagp,1581990
pahc,1069899
pali,1357459
palt,1355839
panl,1606909
panw,1327567
para,813828
paraa,813828
parap,813828
pasg,1787297
pati,1616741
patk,76605
pavm,1624326
pavmz,1624326
pax,1825570
payo,1845815
payow,1845815
pays,1496443
payx,723531
pbax,1870404
pbaxw,1870404
pbbk,1849670
pbfs,1769663
pbhc,1609065
pbla,1029125
pbpb,1195734
pbts,1754323
pbyi,1401667
pcar,75362
pcb,1423869
pcct,1844149
pch,1338749
pcrx,1396814
pcsa,1533743
pct,1830033
pcti,1057083
pcttw,1830033
pcty,1591698
pcvx,1649094
pcyg,50471
pcyo,276720
pdco,891024
pdd,1737806
pdex,788920
pdfs,1120914
pdlb,1874071
pdsb,1472091
pebk,1093672
pebo,318300
peco,1476204
pega,1013857
pegy,22701
penn,921738
pep,77476
pepg,1835597
pepl,1873324
peplw,1873324
peri,1338940
pesi,891532
pet,1842356
petq,1668673
pets,1040130
petv,1512922
petww,1842356
petz,1684425
pev,1879848
pfbc,1492165
pfc,946647
pfg,1126328
pfie,1289636
pfin,75340
pfis,1056943
pfmt,1550695
pfsw,1095315
pfta,1853580
pftau,1853580
pfx,1490349
pgc,1050743
pgen,1356090
pgny,1551306
pgy,1883085
pgyww,1883085
phar,1828316
phat,1783183
phio,1533040
phun,1665300
phunw,1665300
phvs,1830487
pi,1114995
piii,1832511
piiiw,1832511
pik,1861522
pinc,1577916
pirs,1583648
pixy,1675634
pkbk,1315399
pkoh,76282
plab,810136
plao,1849737
plaou,1849737
play,1525769
plbc,1168455
plby,1803914
plce,1041859
pll,1728205
plmi,1840317
plmiw,1840317
plmr,1761312
plpc,80035
plrx,1746473
plse,1625101
pltk,1828016
plug,1093691
plur,1158780
plus,1022408
plxs,785786
plya,1692412
pmcb,1157075
pmd,806517
pmgm,1837607
pmgmw,1837607
pmn,1374339
pmts,1641614
pmvp,1699382
pnbk,1098146
pnfp,1115055
pnfpp,1115055
pnrg,56868
pnt,1811764
pntg,1766400
poai,1446159
podd,1145197
poet,1437424
pola,1622345
pool,945841
powi,833640
powl,80420
poww,1015383
powwp,1015383
ppbi,1028918
ppbt,1614744
ppc,802481
pphp,1863460
ppih,914122
ppsi,1449792
ppta,1526243
ppya,1894057
ppyau,1894057
ppyaw,1894057
praa,1185348
prax,1689548
prch,1784535
prct,1588978
prdo,1046568
pre,1876431
prenw,1876431
prft,1085869
prfx,1801834
prgs,876167
prld,1678660
prlhw,1856161
proc,1863362
procw,1863362
prof,1628808
prok,1850270
prov,1010470
prph,868278
prpl,1643953
prpo,1043961
prqr,1612940
prso,890394
prsr,1825473
prsru,1825473
prsrw,1825473
prta,1559053
prtc,1782999
prtg,1095435
prth,1653558
prtk,1178711
prts,1378950
prva,1759655
przo,1916241
psec,1287032
pshg,1481241
psmt,1041803
psnl,1527753
psny,1884082
psnyw,1884082
pstv,1095981
pstx,1661460
pt,1716338
ptc,857005
ptct,1070081
pten,889900
ptgx,1377121
ptix,1022899
ptixw,1022899
ptlo,1871509
ptmn,1372807
pton,1639825
ptpi,1815903
ptrs,832090
ptsi,798287
ptve,1527508
ptwo,1930313
pubm,1422930
pulm,1574235
puyi,1750264
pvbc,1778784
pwfl,1774170
pwod,716605
pwp,1777835
pwup,1847345
pwupw,1847345
pxlw,1040161
pxmd,1811623
pxs,1640043
pxsap,1640043
pxsaw,1640043
pycr,1839439
pypd,1611842
pypl,1633917
pyr,1743344
pyxs,1782223
pzza,901491
qcom,804328
qcrh,906465
qdel,1906324
qfin,1741530
qh,1781193
qipt,1540013
qlgn,1460702
qli,1779578
qlys,1107843
qmco,709283
qncx,1662774
qnrx,1671502
qnst,1117297
qqqx,1608741
qrhc,1442236
qrtea,1355096
qrteb,1355096
qrtep,1355096
qrvo,1604778
qsi,1816431
qsiaw,1816431
qtrx,1503274
qubt,1758009
quik,882508
qure,1590560
radi,1810739
rail,1320854
rain,1724979
rand,81955
rani,1856725
rapt,1673772
rare,1515673
rave,718332
raya,1825875
rbb,1499422
rbbn,1708055
rbcaa,921557
rbkb,1751783
rcac,1874218
rcat,748268
rcel,1762303
rckt,1281895
rcky,895456
rcm,1910851
rcmt,700841
rcon,1442620
rcrt,1462223
rdcm,1016838
rdfn,1382821
rdhl,1553846
rdi,716634
rdib,716634
rdnt,790526
rdvt,1720116
rdwr,1094366
real,1573221
reax,1862461
rebn,1707910
ree,1843588
refi,1867949
refr,793524
reg,910606
regn,872589
rekr,1697851
reli,1812727
reliw,1812727
rell,355948
rely,1782170
rene,1889112
reneu,1889112
rent,1468327
repl,1737953
reta,1358762
reto,1687277
revb,1810560
revbw,1810560
reyn,1786431
rfac,1847607
rfil,740664
rgc,1829667
rgco,1069533
rgen,730272
rgf,1871149
rgld,85535
rgls,1505512
rgnx,1590877
rgp,1084765
rgti,1838359
rgtiw,1838359
ribt,1063537
rick,935419
rigl,1034842
rily,1464790
rilyg,1464790
rilyk,1464790
rilyl,1464790
rilym,1464790
rilyn,1464790
rilyo,1464790
rilyp,1464790
rilyt,1464790
rilyz,1464790
riot,1167419
rivn,1874178
rkda,1469443
rklb,1819994
rlay,1812364
rlmd,1553643
rlyb,1739410
rmbi,1767837
rmbl,1596961
rmbs,917273
rmcf,1616262
rmgc,1838108
rmgcw,1838108
rmni,1635282
rmr,1644378
rmti,1041024
rna,1599901
rnaz,1829635
rnlx,1811115
rnst,715072
rnw,1848763
rnwww,1848763
rnxt,1574094
road,1718227
rock,912562
rocl,1885998
roclu,1885998
roic,1407623
roiv,1635088
roku,1428439
root,1788882
rop,882835
rose,1870129
rosew,1870129
rost,745732
rovr,1826018
rpay,1720592
rpd,1560327
rphm,1637715
rpid,1380106
rprx,1802768
rptx,1808158
rrbi,1071236
rrgb,1171759
rrr,1653653
rsls,1427570
rsss,1386301
rsvr,1824403
rsvrw,1824403
run,1469367
rusha,1012019
rushb,1012019
rvlp,1739426
rvmd,1628171
rvnc,1479290
rvph,1742927
rvphw,1742927
rvsb,1041368
rvsn,1743905
rway,1653384
rwayl,1653384
rwlk,1607962
rwod,1907223
rxrx,1601830
rxst,1111485
rxt,1810019
ryaay,1038683
rytm,1649904
rzlt,1509261
sabr,1597033
sabs,1833214
sabsw,1833214
saft,1172052
saga,1855351
sagar,1855351
sagau,1855351
sage,1597553
sai,1847075
saia,1177702
saitw,1847075
salm,1050606
sama,1843100
samaw,1843100
samg,1549966
sana,1770121
sang,1753368
sanm,897723
sanw,1477246
sasi,788611
sasr,824410
satl,1874315
satlw,1874315
sats,1415404
sava,1069530
sbac,1034054
sbcf,730708
sbet,1025561
sbfg,767405
sbfm,1402328
sbfmw,1402328
sbgi,912752
sblk,1386716
sbra,1492298
sbsi,705432
sbt,1680379
sbux,829224
schl,866729
sckt,944075
scor,1158172
scph,1604950
scpl,1760717
scrm,1893325
scrmw,1893325
scsc,918965
scvl,895447
scwo,933972
scwx,1468666
scyx,1178253
sdc,1775625
sdgr,1490978
sdig,1856028
seat,1856031
seatw,1856031
seco,1633441
sedg,1419612
seed,1321851
seel,1017491
seer,1726445
seic,350894
selb,1453687
self,1031235
senea,88948
seneb,88948
sera,1534969
sevn,1452477
sfbc,1541119
sfe,86115
sfix,1576942
sfm,1575515
sfnc,90498
sfst,1090009
sft,1762322
sga,886136
sgbx,1023994
sgc,95574
sgen,1060736
sgh,1616533
sght,1531177
sgii,1869824
sgiiw,1869824
sgly,1422892
sgma,915358
sgml,1848309
sgmo,1001233
sgrp,1004989
sgry,1638833
shbi,1035092
shc,1822479
shcr,1816233
shcrw,1816233
shen,354963
ship,1448397
shls,1831651
shoo,913241
shph,1757499
shpw,1784851
shua,1886268
shyf,743238
sibn,1459839
sidu,1879726
sieb,65596
sien,1551693
sify,1094324
siga,1010086
sigi,230557
sigip,230557
silc,916793
silk,1397702
silo,1514183
simo,1329394
sint,1269026
siri,908937
sisi,1300734
sitm,1451809
sj,1753673
skgr,1912461
skgru,1912461
skgrw,1912461
skin,1818093
skyt,1819974
skyw,793733
skyx,1598981
slab,1038074
slac,1834755
slam,1838162
slamu,1838162
slamw,1838162
sldb,1707502
sldp,1844862
sldpw,1844862
slgc,1837412
slgcw,1837412
slgl,1684693
slm,1032033
slmbp,1032033
sln,1479615
slna,1909417
slng,1043186
slnh,64463
slnhp,64463
slno,1484565
slp,1023459
slrc,1418076
slrx,1615219
sls,1390478
slvr,1842644
slvru,1842644
slvrw,1842644
smapw,1863990
smbc,916907
smbk,1038773
smci,1375365
smfl,1851860
smid,924719
smlr,1554859
smmf,811808
smmt,1599298
smpl,1702744
smsi,948708
smtc,88941
smti,714256
smx,1940674
snax,1691936
snaxw,1691936
snbr,827187
snce,1819113
sncr,1131554
sncrl,1131554
sncy,1743907
snd,1529628
sndl,1766600
sndx,1395937
snes,1680378
snex,913760
snfca,318673
sngx,812796
snoa,1367083
snpo,1856430
snps,883241
snpx,1571934
snse,1829802
snt,896494
sntg,1810467
snti,1854270
sny,1121404
sobr,1425627
sofi,1818874
sofo,1029744
soho,1301236
sohob,1301236
sohon,1301236
sohoo,1301236
sohu,1734107
solo,1637736
sond,1819395
sondw,1819395
sonm,1178697
sonn,1106838
sono,1314727
sopa,1817511
soph,1840706
sotk,806172
soun,1840856
sounw,1840856
sovo,1856608
sp,1059262
spcb,1291855
spfi,1163668
spgc,1934245
spi,1210618
splk,1353283
spns,885740
spok,1289945
sprb,1683553
sprc,1611746
spro,1701108
spsc,1092699
spt,1517375
sptn,877422
spwh,1132105
spwr,867773
sqft,1080657
sqftp,1080657
sqftw,1080657
sql,1605888
sqllw,1605888
srad,1836470
srce,34782
srcl,861878
srdx,924717
srpt,873303
srrk,1727196
srts,1494891
srzn,1824893
ssb,764038
ssbk,1689731
ssic,1843162
sskn,1051514
ssnc,1402436
ssnt,1236275
ssp,832428
ssrm,921638
ssss,1509470
ssssl,1509470
ssti,1351636
ssys,1517396
staa,718937
staf,1499717
stba,719220
stbx,1914818
stcn,914712
step,1796022
ster,1645070
stgw,876883
stim,1227636
stix,1896049
stixw,1896049
stkh,1828098
stkl,351834
stks,1399520
stld,1022671
stne,1745431
stok,1623526
stra,1013934
strc,1826681
strcw,1826681
strl,874238
strm,1008586
stro,1382101
strr,707388
strrp,707388
strs,885508
strt,933034
stss,1737995
sttk,1680367
stx,1137789
sunw,1172631
supn,1356576
surg,1392694
surgw,1392694
svc,945394
svfd,1789192
svii,1843477
svra,1160308
svre,1894693
svvc,1495584
swav,1642545
swbi,1092796
swim,1833197
swkh,1089907
swks,4127
swss,1838000
swssw,1838000
swtx,1773427
swvl,1875609
swvlw,1875609
sxtc,1723980
sy,1758530
sybt,835324
sybx,1527599
sym,1837240
syna,817720
synh,1610950
sypr,864240
syrs,1556263
syta,1649009
sytaw,1649009
szzl,1829322
szzlw,1829322
tact,1017303
tait,942126
talk,1803901
talkw,1803901
tals,1827506
tanh,1588084
taop,1552670
tara,1359931
tars,1819790
task,1829864
tast,809248
tatt,808439
tayd,96536
tbbk,1295401
tbcp,1815753
tbcpw,1815753
tbla,1840502
tblaw,1840502
tbld,1820378
tblt,1668370
tbltw,1668370
tbnk,1447051
tbph,1583107
tc,1743340
tcbc,1850398
tcbi,1077428
tcbio,1077428
tcbk,356171
tcbp,1872812
tcbs,1849466
tcbx,1781730
tcmd,1027838
tcom,1269238
tcon,1394319
tcpc,1370755
tcrt,1107421
tcrx,1783328
tcx,909494
tdup,1484778
team,1650372
tech,842023
tectp,1766526
tedu,1592560
tela,1561921
tenb,1660280
tenk,1851484
tenx,34956
ter,97210
tern,1831363
tete,1900679
tffp,1733413
tfsl,1381668
tgaa,1847355
tgaaw,1847355
tgan,1715768
tgl,1905956
tgtx,1001316
tgvcu,1865191
tgvcw,1865191
th,1712189
thch,1877333
thcp,1843993
thcpw,1843993
thff,714562
thmo,811212
thrd,1923840
thrm,903129
thrn,1844280
thrx,1745020
thry,1556739
thtx,1512717
thwww,1712189
tigo,912958
tigr,1756699
til,1789769
tile,715787
tipt,1393726
tirx,1782941
titn,1409171
tivc,1787740
tklf,1836242
tkno,1850902
tlf,909724
tlgy,1879814
tlgyw,1879814
tlis,1584751
tlry,1731348
tls,320121
tlsa,1723069
tmc,1798562
tmci,1630627
tmcww,1798562
tmdx,1756262
tmtc,1879851
tmus,1283699
tndm,1438133
tngx,1819133
tnon,1560293
tnxp,1430306
tnya,1858848
toi,1799191
toiiw,1799191
tomz,314227
top,1848275
tops,1296484
tour,1597095
tpcs,1328792
tpg,1880661
tpic,1455684
tpst,1544227
trda,1689375
tree,1434621
trhc,1651561
trib,888721
trin,1786108
trinl,1786108
trip,1526520
trka,1021096
trkaw,1021096
trmb,864749
trmd,1655891
trmk,36146
trmr,1849396
trns,99302
tron,1847513
troo,1412095
trow,1113169
trs,842633
trst,357301
true,1327318
trup,1371285
trvg,1683825
trvi,1563880
trvn,1429560
tsat,1845840
tsbk,1046050
tsco,916365
tsem,928876
tsha,1806310
tsla,1318605
tsp,1823593
tsri,98338
tsvt,1860782
ttd,1671933
ttec,1013880
ttek,831641
ttgt,1293282
ttmi,1116942
ttnp,910267
ttoo,1492674
ttsh,1552800
ttwo,946581
turn,893739
tusk,1679268
tvtx,1438533
tw,1758730
twin,100378
twks,1866550
twlv,1819498
twlvw,1819498
twnk,1644406
twou,1459417
twst,1581280
txg,1770787
txmd,25743
txn,97476
txrh,1289460
tyra,1863127
tzoo,1133311
ual,100517
ubcp,731653
ubfo,1137547
ubsi,729986
ubx,1463361
ucbi,857855
ucbio,857855
ucl,1775898
uctt,1275014
udmy,1607939
ueic,101984
ufcs,101199
ufpi,912767
ufpt,914156
ug,101295
ugro,1706524
uk,1821424
ukomw,1821424
ulbi,875657
ulcc,1670076
ulh,1308208
ulta,1403568
umbf,101382
unb,706863
uncy,1766140
unit,1620280
unty,920427
uone,1041657
uonek,1041657
upc,1809616
upld,1505155
upst,1647639
uptd,1844417
uptdw,1844417
upwk,1627475
upxi,1775194
urbn,912615
urgn,1668243
uroy,1711570
usap,931584
usau,27093
uscb,1901637
usct,1860514
usctw,1860514
usea,1912847
useg,101594
usio,1088034
uslm,82020
utaa,1879221
utaau,1879221
uthr,1082554
utmd,706698
utrs,1452965
utsi,1030471
uvsp,102212
uxin,1729173
vabk,1572334
vacc,1828185
valn,1836564
valu,717720
vani,1266806
vaxx,1851657
vbfc,1290476
vbiv,764195
vblt,1603207
vbnk,1690639
vbtx,1501570
vc,1111335
vcel,887359
vcnx,1205922
vcsa,1874944
vctr,1570827
vcxa,1848898
vcxau,1848898
vcxaw,1848898
vcyt,1384101
veco,103145
vedu,1892274
veee,1855509
veon,1468091
vera,1831828
verb,1566610
verbw,1566610
veri,1615165
vero,1409269
veru,863894
verv,1840574
verx,1806837
very,1575434
vev,1834975
vff,1584549
vhna,1868640
vhnau,1868640
via,1606268
viasp,1606268
viav,912093
vicr,751978
view,1811856
vieww,1811856
vigl,1827087
vii,1826011
vinc,1796129
vino,1559998
vinp,1826286
viot,1742770
vir,1706431
virc,751365
viri,1818844
virt,1592386
virx,1061027
visl,1565228
vitl,1579733
vivk,1450704
vjet,1582581
vktx,1607678
vlcn,1829794
vlgea,103595
vly,714310
vlypo,714310
vlypp,714310
vmar,1813783
vmcaw,1892747
vmd,1729149
vmeo,1837686
vnda,1347178
vnet,1508475
vnom,1602065
vod,839923
vor,1817229
voxr,1907909
voxx,807707
vqs,1777765
vra,1495320
vrar,1854445
vrax,1885827
vrca,1660334
vrdn,1590750
vrex,1681622
vrm,1580864
vrme,1104038
vrna,1657312
vrns,1361113
vrnt,1166388
vrpx,1708331
vrrm,1682745
vrsk,1442145
vrsn,1014473
vrts,883237
vrtx,875320
vs,1701963
vsacw,1883983
vsat,797721
vsec,102752
vssyw,1701963
vsta,1792829
vstm,1526119
vtgn,1411685
vtnr,890447
vtrs,1792044
vtru,1805012
vtsi,1085243
vtvt,1641489
vtyx,1851194
vuzi,1463972
vvos,1716166
vvpr,1681348
vwe,1834045
vweww,1834045
vxrt,72444
vygr,1640266
vyne,1566044
wabc,311094
wafd,936528
wafdp,936528
wafu,1716770
wald,1840199
wash,737468
watt,1575793
wavd,803578
wave,1846715
wavs,1868419
wb,1595761
wba,1618921
wbd,1437107
wday,1327811
wdc,106040
wdfc,105132
wen,30697
wern,793074
west,1806347
westw,1806347
wetg,1784970
weys,106532
wfcf,1360565
wfrd,1603923
whf,1552198
whlm,1013706
whlr,1527541
whlrd,1527541
whlrp,1527541
wilc,1030997
wimi,1770088
wina,908315
wing,1636222
wint,946486
wire,850460
wisa,1682149
wish,1822250
wix,1576789
wkey,1738699
wkhs,1425287
wkme,1847584
wksp,1096275
wkspw,1096275
wldn,1370450
wlds,1887673
wldsw,1887673
wlfc,1018164
wlgs,1899658
wmg,1319161
wmpn,1828376
wneb,1157647
wnw,1787803
woof,1826470
worx,1674227
wprt,1370416
wrap,1702924
wrld,108385
wrnt,1900564
wsbc,203596
wsbcp,203596
wsbf,1569994
wsc,1647088
wsfs,828944
wtba,1166928
wter,1532390
wtfc,1015328
wtfcm,1015328
wtfcp,1015328
wtma,1866226
wtmar,1866226
wtw,1140536
wulf,1083301
wve,1631574
wvvi,838875
wvvip,838875
ww,105319
wwac,1853044
wwacu,1853044
wwacw,1853044
wwd,108312
wynn,1174922
xair,1641631
xbio,1534525
xbiow,1534525
xbit,1626878
xcur,1698530
xel,72903
xela,1620179
xelap,1620179
xelb,1083220
xene,1582313
xers,1867096
xfin,1852749
xfinu,1852749
xfor,1501697
xgn,1274737
xlo,1840233
xmtr,1657573
xncr,1326732
xnet,1510593
xoma,791908
xomao,791908
xomap,791908
xos,1819493
xosww,1819493
xp,1787425
xpdb,1855474
xpdbw,1855474
xpel,1767258
xpon,1894954
xray,818479
xrtx,1729214
xrx,1770450
xtlb,1023549
xxii,1347858
ygf,1875496
ygmz,1782037
yi,1738906
yj,1759614
ymab,1722964
yorw,108985
yosh,1898604
yota,1907730
yotar,1907730
yq,1821468
yten,1121702
ytra,1516899
yy,1530238
z,1617640
zbra,877212
zcmd,1785566
zd,1084048
zenv,1836934
zeus,917470
zfox,1823575
zfoxw,1823575
zg,1617640
zi,1794515
zimv,1876588
zion,109380
zionl,109380
ziono,109380
zionp,109380
zivo,1101026
zivow,1101026
zkin,1687451
zlab,1704292
zm,1585521
zntl,1725160
zs,1713683
ztek,1904501
zumz,1318008
zyme,1403752
zyne,1621443
zyxi,846475